employee_id,first_name,last_name,email,gender,country_code,country_name
1,Nicholas,Stone,nstone0@ask.com,Male,AT,Austria
2,Steven,Mcdonald,smcdonald1@godaddy.com,Male,BE,Belgium
3,Tammy,Hunter,thunter2@ocn.ne.jp,Female,BE,Belgium
4,Michael,Rogers,mrogers3@tumblr.com,Male,RU,Russia
5,Anne,Mills,amills4@dropbox.com,Female,DK,Denmark
6,Donna,Morgan,dmorgan5@upenn.edu,Female,IT,Italy
7,Timothy,Lewis,tlewis6@dagondesign.com,Male,IT,Italy
8,Jerry,Matthews,jmatthews7@samsung.com,Male,IT,Italy
9,Daniel,Morrison,dmorrison8@biglobe.ne.jp,Male,NL,Netherlands
10,Walter,Perkins,wperkins9@flavors.me,Male,NL,Netherlands
11,Susan,Stewart,sstewarta@godaddy.com,Female,IE,Ireland
12,Harry,Myers,hmyersb@cisco.com,Male,AT,Austria
13,Margaret,Moore,mmoorec@twitpic.com,Female,IE,Ireland
14,Raymond,Hansen,rhansend@uol.com.br,Male,IE,Ireland
15,Anthony,Harris,aharrise@dailymail.co.uk,Male,NO,Norway
16,Carolyn,Myers,cmyersf@forbes.com,Female,NO,Norway
17,Nicole,Romero,nromerog@npr.org,Female,IE,Ireland
18,Martin,Flores,mfloresh@nationalgeographic.com,Male,DK,Denmark
19,Roger,Johnston,rjohnstoni@reddit.com,Male,GR,Greece
20,Fred,Knight,fknightj@newyorker.com,Male,RU,Russia
21,Alice,Cooper,acooperk@engadget.com,Female,GR,Greece
22,Carlos,King,ckingl@bloglines.com,Male,DE,Germany
23,Thomas,Black,tblackm@dyndns.org,Male,DE,Germany
24,Clarence,Ramirez,cramirezn@miitbeian.gov.cn,Male,FR,France
25,Patricia,Martin,pmartino@nydailynews.com,Female,FR,France
26,Ernest,Shaw,eshawp@tripod.com,Male,FR,France
27,Theresa,Coleman,tcolemanq@hhs.gov,Female,FI,Finland
28,Paul,Morris,pmorrisr@admin.ch,Male,FI,Finland
29,Benjamin,Chavez,bchavezs@google.nl,Male,BE,Belgium
30,Heather,Ray,hrayt@uol.com.br,Female,RU,Russia
31,Nicholas,Stone,nstone0@ask.com,Male,AT,Austria
32,Steven,Mcdonald,smcdonald1@godaddy.com,Male,BE,Belgium
33,Tammy,Hunter,thunter2@ocn.ne.jp,Female,BE,Belgium
34,Michael,Rogers,mrogers3@tumblr.com,Male,RU,Russia
35,Anne,Mills,amills4@dropbox.com,Female,DK,Denmark
36,Donna,Morgan,dmorgan5@upenn.edu,Female,IT,Italy
37,Timothy,Lewis,tlewis6@dagondesign.com,Male,IT,Italy
38,Jerry,Matthews,jmatthews7@samsung.com,Male,IT,Italy
39,Daniel,Morrison,dmorrison8@biglobe.ne.jp,Male,NL,Netherlands
40,Walter,Perkins,wperkins9@flavors.me,Male,NL,Netherlands
41,Susan,Stewart,sstewarta@godaddy.com,Female,IE,Ireland
42,Harry,Myers,hmyersb@cisco.com,Male,AT,Austria
43,Margaret,Moore,mmoorec@twitpic.com,Female,IE,Ireland
44,Raymond,Hansen,rhansend@uol.com.br,Male,IE,Ireland
45,Anthony,Harris,aharrise@dailymail.co.uk,Male,NO,Norway
46,Carolyn,Myers,cmyersf@forbes.com,Female,NO,Norway
47,Nicole,Romero,nromerog@npr.org,Female,IE,Ireland
48,Martin,Flores,mfloresh@nationalgeographic.com,Male,DK,Denmark
49,Roger,Johnston,rjohnstoni@reddit.com,Male,GR,Greece
50,Fred,Knight,fknightj@newyorker.com,Male,RU,Russia
51,Alice,Cooper,acooperk@engadget.com,Female,GR,Greece
52,Carlos,King,ckingl@bloglines.com,Male,DE,Germany
53,Thomas,Black,tblackm@dyndns.org,Male,DE,Germany
54,Clarence,Ramirez,cramirezn@miitbeian.gov.cn,Male,FR,France
55,Patricia,Martin,pmartino@nydailynews.com,Female,FR,France
56,Ernest,Shaw,eshawp@tripod.com,Male,FR,France
57,Theresa,Coleman,tcolemanq@hhs.gov,Female,FI,Finland
58,Paul,Morris,pmorrisr@admin.ch,Male,FI,Finland
59,Benjamin,Chavez,bchavezs@google.nl,Male,BE,Belgium
60,Heather,Ray,hrayt@uol.com.br,Female,RU,Russia